s18a1042,vs,yamazawa
16,G,C,P,G,C,C,C,G,C,G,C,G,C,G,P,C,C,C,C,C,C,C,C,C,P,C,C,P,P,C,C,P,C,C,C,P,P,C,P,C,G,P,C,C,C,P,C,C,G,G,C,C,C,C,C,G,G,C,C,C,C,C,C,C,C,C,C,C,C,C,C,C,C,C,C,
40,P,G,C,P,G,C,C,G,G,P,G,C,G,P,G,P,C,P,P,P,P,G,G,G,G,G,G,G,G,C,C,C,C,G,G,G,C,C,G,C,G,C,P,C,G,P,G,C,G,C,C,P,P,C,C,G,P,C,G,G,G,G,G,G,G,G,G,G,G,G,G,G,G,G,G,
19,2,2,2,2,2,0,0,0,2,2,2,1,2,2,1,1,0,1,1,1,1,2,2,2,1,2,2,1,1,0,0,2,0,2,2,1,2,0,1,0,0,2,1,0,2,0,2,0,0,1,0,1,1,0,0,0,2,0,2,2,2,2,2,2,2,2,2,2,2,2,2,2,2,2,2,

s18a1042,vs,yamazawa
10,P,G,G,G,P,P,C,C,C,P,P,G,C,C,P,C,P,C,C,P,G,P,C,P,C,C,C,P,C,C,G,G,G,G,C,C,C,C,C,C,C,C,C,C,C,C,C,C,C,C,C,C,C,C,C,C,C,C,C,C,C,C,C,C,C,C,C,C,C,C,C,C,C,C,C,
53,P,G,C,P,P,P,P,P,G,G,C,C,P,G,C,C,P,C,C,C,P,G,G,C,G,P,G,C,G,C,G,G,G,P,P,P,G,G,G,G,G,G,G,G,G,G,G,G,G,G,G,G,G,G,G,G,G,G,G,G,G,G,G,G,G,G,G,G,G,G,G,G,G,G,G,
12,0,0,1,2,0,0,1,1,2,1,2,1,1,2,2,0,0,0,0,2,2,1,2,2,2,1,2,2,2,0,0,0,0,2,1,1,2,2,2,2,2,2,2,2,2,2,2,2,2,2,2,2,2,2,2,2,2,2,2,2,2,2,2,2,2,2,2,2,2,2,2,2,2,2,2,

s18a1042,vs,yamazawa
7,P,G,C,C,C,C,C,P,C,P,G,G,C,C,C,C,C,C,C,C,C,C,C,C,C,C,C,C,C,C,C,C,C,C,C,C,C,C,C,C,C,C,C,C,C,C,C,C,C,C,C,C,C,C,C,C,C,C,C,C,C,C,C,C,C,C,C,C,C,C,C,C,C,C,C,
64,C,P,P,P,P,P,C,C,C,G,G,P,P,C,G,P,G,G,G,G,G,G,G,G,G,G,G,G,G,G,G,G,G,G,G,G,G,G,G,G,G,G,G,G,G,G,G,G,G,G,G,G,G,G,G,G,G,G,G,G,G,G,G,G,G,G,G,G,G,G,G,G,G,G,G,
4,2,2,1,1,1,1,0,2,0,1,0,2,1,0,2,1,2,2,2,2,2,2,2,2,2,2,2,2,2,2,2,2,2,2,2,2,2,2,2,2,2,2,2,2,2,2,2,2,2,2,2,2,2,2,2,2,2,2,2,2,2,2,2,2,2,2,2,2,2,2,2,2,2,2,2,

s18a1042,vs,yamazawa
0,P,G,C,C,C,C,C,C,C,C,C,C,C,C,C,C,C,C,C,C,C,C,C,C,C,C,C,C,C,C,C,C,C,C,C,C,C,C,C,C,C,C,C,C,C,C,C,C,C,C,C,C,C,C,C,C,C,C,C,C,C,C,C,C,C,C,C,C,C,C,C,C,C,C,C,
75,C,P,G,G,G,G,G,G,G,G,G,G,G,G,G,G,G,G,G,G,G,G,G,G,G,G,G,G,G,G,G,G,G,G,G,G,G,G,G,G,G,G,G,G,G,G,G,G,G,G,G,G,G,G,G,G,G,G,G,G,G,G,G,G,G,G,G,G,G,G,G,G,G,G,G,
0,2,2,2,2,2,2,2,2,2,2,2,2,2,2,2,2,2,2,2,2,2,2,2,2,2,2,2,2,2,2,2,2,2,2,2,2,2,2,2,2,2,2,2,2,2,2,2,2,2,2,2,2,2,2,2,2,2,2,2,2,2,2,2,2,2,2,2,2,2,2,2,2,2,2,2,

s18a1042,vs,yamazawa
0,P,G,C,C,C,C,C,C,C,C,C,C,C,C,C,C,C,C,C,C,C,C,C,C,C,C,C,C,C,C,C,C,C,C,C,C,C,C,C,C,C,C,C,C,C,C,C,C,C,C,C,C,C,C,C,C,C,C,C,C,C,C,C,C,C,C,C,C,C,C,C,C,C,C,C,
75,C,P,G,G,G,G,G,G,G,G,G,G,G,G,G,G,G,G,G,G,G,G,G,G,G,G,G,G,G,G,G,G,G,G,G,G,G,G,G,G,G,G,G,G,G,G,G,G,G,G,G,G,G,G,G,G,G,G,G,G,G,G,G,G,G,G,G,G,G,G,G,G,G,G,G,
0,2,2,2,2,2,2,2,2,2,2,2,2,2,2,2,2,2,2,2,2,2,2,2,2,2,2,2,2,2,2,2,2,2,2,2,2,2,2,2,2,2,2,2,2,2,2,2,2,2,2,2,2,2,2,2,2,2,2,2,2,2,2,2,2,2,2,2,2,2,2,2,2,2,2,2,

s18a1042,vs,Win4Pre
73,P,C,P,G,C,P,G,C,P,G,C,P,G,C,P,G,C,P,G,C,P,G,C,P,G,C,P,G,C,P,G,C,P,G,C,P,G,C,P,G,C,P,G,C,P,G,C,P,G,C,P,G,C,P,G,C,P,G,C,P,G,C,P,G,C,P,G,C,P,G,C,P,G,C,P,
0,P,C,G,C,P,G,C,P,G,C,P,G,C,P,G,C,P,G,C,P,G,C,P,G,C,P,G,C,P,G,C,P,G,C,P,G,C,P,G,C,P,G,C,P,G,C,P,G,C,P,G,C,P,G,C,P,G,C,P,G,C,P,G,C,P,G,C,P,G,C,P,G,C,P,G,
2,0,0,1,1,1,1,1,1,1,1,1,1,1,1,1,1,1,1,1,1,1,1,1,1,1,1,1,1,1,1,1,1,1,1,1,1,1,1,1,1,1,1,1,1,1,1,1,1,1,1,1,1,1,1,1,1,1,1,1,1,1,1,1,1,1,1,1,1,1,1,1,1,1,1,1,

s18a1042,vs,Win4Pre
75,P,G,C,P,G,C,P,G,C,P,G,C,P,G,C,P,G,C,P,G,C,P,G,C,P,G,C,P,G,C,P,G,C,P,G,C,P,G,C,P,G,C,P,G,C,P,G,C,P,G,C,P,G,C,P,G,C,P,G,C,P,G,C,P,G,C,P,G,C,P,G,C,P,G,C,
0,G,C,P,G,C,P,G,C,P,G,C,P,G,C,P,G,C,P,G,C,P,G,C,P,G,C,P,G,C,P,G,C,P,G,C,P,G,C,P,G,C,P,G,C,P,G,C,P,G,C,P,G,C,P,G,C,P,G,C,P,G,C,P,G,C,P,G,C,P,G,C,P,G,C,P,
0,1,1,1,1,1,1,1,1,1,1,1,1,1,1,1,1,1,1,1,1,1,1,1,1,1,1,1,1,1,1,1,1,1,1,1,1,1,1,1,1,1,1,1,1,1,1,1,1,1,1,1,1,1,1,1,1,1,1,1,1,1,1,1,1,1,1,1,1,1,1,1,1,1,1,1,

s18a1042,vs,Win4Pre
75,C,P,G,C,P,G,C,P,G,C,P,G,C,P,G,C,P,G,C,P,G,C,P,G,C,P,G,C,P,G,C,P,G,C,P,G,C,P,G,C,P,G,C,P,G,C,P,G,C,P,G,C,P,G,C,P,G,C,P,G,C,P,G,C,P,G,C,P,G,C,P,G,C,P,G,
0,P,G,C,P,G,C,P,G,C,P,G,C,P,G,C,P,G,C,P,G,C,P,G,C,P,G,C,P,G,C,P,G,C,P,G,C,P,G,C,P,G,C,P,G,C,P,G,C,P,G,C,P,G,C,P,G,C,P,G,C,P,G,C,P,G,C,P,G,C,P,G,C,P,G,C,
0,1,1,1,1,1,1,1,1,1,1,1,1,1,1,1,1,1,1,1,1,1,1,1,1,1,1,1,1,1,1,1,1,1,1,1,1,1,1,1,1,1,1,1,1,1,1,1,1,1,1,1,1,1,1,1,1,1,1,1,1,1,1,1,1,1,1,1,1,1,1,1,1,1,1,1,

s18a1042,vs,Win4Pre
74,G,C,P,G,C,P,G,C,P,G,C,P,G,C,P,G,C,P,G,C,P,G,C,P,G,C,P,G,C,P,G,C,P,G,C,P,G,C,P,G,C,P,G,C,P,G,C,P,G,C,P,G,C,P,G,C,P,G,C,P,G,C,P,G,C,P,G,C,P,G,C,P,G,C,P,
0,G,P,G,C,P,G,C,P,G,C,P,G,C,P,G,C,P,G,C,P,G,C,P,G,C,P,G,C,P,G,C,P,G,C,P,G,C,P,G,C,P,G,C,P,G,C,P,G,C,P,G,C,P,G,C,P,G,C,P,G,C,P,G,C,P,G,C,P,G,C,P,G,C,P,G,
1,0,1,1,1,1,1,1,1,1,1,1,1,1,1,1,1,1,1,1,1,1,1,1,1,1,1,1,1,1,1,1,1,1,1,1,1,1,1,1,1,1,1,1,1,1,1,1,1,1,1,1,1,1,1,1,1,1,1,1,1,1,1,1,1,1,1,1,1,1,1,1,1,1,1,1,

s18a1042,vs,Win4Pre
74,P,G,C,P,G,C,P,G,C,P,G,C,P,G,C,P,G,C,P,G,C,P,G,C,P,G,C,P,G,C,P,G,C,P,G,C,P,G,C,P,G,C,P,G,C,P,G,C,P,G,C,P,G,C,P,G,C,P,G,C,P,G,C,P,G,C,P,G,C,P,G,C,P,G,C,
0,P,C,P,G,C,P,G,C,P,G,C,P,G,C,P,G,C,P,G,C,P,G,C,P,G,C,P,G,C,P,G,C,P,G,C,P,G,C,P,G,C,P,G,C,P,G,C,P,G,C,P,G,C,P,G,C,P,G,C,P,G,C,P,G,C,P,G,C,P,G,C,P,G,C,P,
1,0,1,1,1,1,1,1,1,1,1,1,1,1,1,1,1,1,1,1,1,1,1,1,1,1,1,1,1,1,1,1,1,1,1,1,1,1,1,1,1,1,1,1,1,1,1,1,1,1,1,1,1,1,1,1,1,1,1,1,1,1,1,1,1,1,1,1,1,1,1,1,1,1,1,1,

s18a1042,vs,Gu
74,G,P,P,P,P,P,P,P,P,P,P,P,P,P,P,P,P,P,P,P,P,P,P,P,P,P,P,P,P,P,P,P,P,P,P,P,P,P,P,P,P,P,P,P,P,P,P,P,P,P,P,P,P,P,P,P,P,P,P,P,P,P,P,P,P,P,P,P,P,P,P,P,P,P,P,
0,G,G,G,G,G,G,G,G,G,G,G,G,G,G,G,G,G,G,G,G,G,G,G,G,G,G,G,G,G,G,G,G,G,G,G,G,G,G,G,G,G,G,G,G,G,G,G,G,G,G,G,G,G,G,G,G,G,G,G,G,G,G,G,G,G,G,G,G,G,G,G,G,G,G,G,
1,0,1,1,1,1,1,1,1,1,1,1,1,1,1,1,1,1,1,1,1,1,1,1,1,1,1,1,1,1,1,1,1,1,1,1,1,1,1,1,1,1,1,1,1,1,1,1,1,1,1,1,1,1,1,1,1,1,1,1,1,1,1,1,1,1,1,1,1,1,1,1,1,1,1,1,

s18a1042,vs,Gu
75,P,P,P,P,P,P,P,P,P,P,P,P,P,P,P,P,P,P,P,P,P,P,P,P,P,P,P,P,P,P,P,P,P,P,P,P,P,P,P,P,P,P,P,P,P,P,P,P,P,P,P,P,P,P,P,P,P,P,P,P,P,P,P,P,P,P,P,P,P,P,P,P,P,P,P,
0,G,G,G,G,G,G,G,G,G,G,G,G,G,G,G,G,G,G,G,G,G,G,G,G,G,G,G,G,G,G,G,G,G,G,G,G,G,G,G,G,G,G,G,G,G,G,G,G,G,G,G,G,G,G,G,G,G,G,G,G,G,G,G,G,G,G,G,G,G,G,G,G,G,G,G,
0,1,1,1,1,1,1,1,1,1,1,1,1,1,1,1,1,1,1,1,1,1,1,1,1,1,1,1,1,1,1,1,1,1,1,1,1,1,1,1,1,1,1,1,1,1,1,1,1,1,1,1,1,1,1,1,1,1,1,1,1,1,1,1,1,1,1,1,1,1,1,1,1,1,1,1,

s18a1042,vs,Gu
75,P,P,P,P,P,P,P,P,P,P,P,P,P,P,P,P,P,P,P,P,P,P,P,P,P,P,P,P,P,P,P,P,P,P,P,P,P,P,P,P,P,P,P,P,P,P,P,P,P,P,P,P,P,P,P,P,P,P,P,P,P,P,P,P,P,P,P,P,P,P,P,P,P,P,P,
0,G,G,G,G,G,G,G,G,G,G,G,G,G,G,G,G,G,G,G,G,G,G,G,G,G,G,G,G,G,G,G,G,G,G,G,G,G,G,G,G,G,G,G,G,G,G,G,G,G,G,G,G,G,G,G,G,G,G,G,G,G,G,G,G,G,G,G,G,G,G,G,G,G,G,G,
0,1,1,1,1,1,1,1,1,1,1,1,1,1,1,1,1,1,1,1,1,1,1,1,1,1,1,1,1,1,1,1,1,1,1,1,1,1,1,1,1,1,1,1,1,1,1,1,1,1,1,1,1,1,1,1,1,1,1,1,1,1,1,1,1,1,1,1,1,1,1,1,1,1,1,1,

s18a1042,vs,Gu
75,P,P,P,P,P,P,P,P,P,P,P,P,P,P,P,P,P,P,P,P,P,P,P,P,P,P,P,P,P,P,P,P,P,P,P,P,P,P,P,P,P,P,P,P,P,P,P,P,P,P,P,P,P,P,P,P,P,P,P,P,P,P,P,P,P,P,P,P,P,P,P,P,P,P,P,
0,G,G,G,G,G,G,G,G,G,G,G,G,G,G,G,G,G,G,G,G,G,G,G,G,G,G,G,G,G,G,G,G,G,G,G,G,G,G,G,G,G,G,G,G,G,G,G,G,G,G,G,G,G,G,G,G,G,G,G,G,G,G,G,G,G,G,G,G,G,G,G,G,G,G,G,
0,1,1,1,1,1,1,1,1,1,1,1,1,1,1,1,1,1,1,1,1,1,1,1,1,1,1,1,1,1,1,1,1,1,1,1,1,1,1,1,1,1,1,1,1,1,1,1,1,1,1,1,1,1,1,1,1,1,1,1,1,1,1,1,1,1,1,1,1,1,1,1,1,1,1,1,

s18a1042,vs,Gu
75,P,P,P,P,P,P,P,P,P,P,P,P,P,P,P,P,P,P,P,P,P,P,P,P,P,P,P,P,P,P,P,P,P,P,P,P,P,P,P,P,P,P,P,P,P,P,P,P,P,P,P,P,P,P,P,P,P,P,P,P,P,P,P,P,P,P,P,P,P,P,P,P,P,P,P,
0,G,G,G,G,G,G,G,G,G,G,G,G,G,G,G,G,G,G,G,G,G,G,G,G,G,G,G,G,G,G,G,G,G,G,G,G,G,G,G,G,G,G,G,G,G,G,G,G,G,G,G,G,G,G,G,G,G,G,G,G,G,G,G,G,G,G,G,G,G,G,G,G,G,G,G,
0,1,1,1,1,1,1,1,1,1,1,1,1,1,1,1,1,1,1,1,1,1,1,1,1,1,1,1,1,1,1,1,1,1,1,1,1,1,1,1,1,1,1,1,1,1,1,1,1,1,1,1,1,1,1,1,1,1,1,1,1,1,1,1,1,1,1,1,1,1,1,1,1,1,1,1,

s18a1042,vs,Choki
74,P,G,G,G,G,G,G,G,G,G,G,G,G,G,G,G,G,G,G,G,G,G,G,G,G,G,G,G,G,G,G,G,G,G,G,G,G,G,G,G,G,G,G,G,G,G,G,G,G,G,G,G,G,G,G,G,G,G,G,G,G,G,G,G,G,G,G,G,G,G,G,G,G,G,G,
1,C,C,C,C,C,C,C,C,C,C,C,C,C,C,C,C,C,C,C,C,C,C,C,C,C,C,C,C,C,C,C,C,C,C,C,C,C,C,C,C,C,C,C,C,C,C,C,C,C,C,C,C,C,C,C,C,C,C,C,C,C,C,C,C,C,C,C,C,C,C,C,C,C,C,C,
0,2,1,1,1,1,1,1,1,1,1,1,1,1,1,1,1,1,1,1,1,1,1,1,1,1,1,1,1,1,1,1,1,1,1,1,1,1,1,1,1,1,1,1,1,1,1,1,1,1,1,1,1,1,1,1,1,1,1,1,1,1,1,1,1,1,1,1,1,1,1,1,1,1,1,1,

s18a1042,vs,Choki
75,G,G,G,G,G,G,G,G,G,G,G,G,G,G,G,G,G,G,G,G,G,G,G,G,G,G,G,G,G,G,G,G,G,G,G,G,G,G,G,G,G,G,G,G,G,G,G,G,G,G,G,G,G,G,G,G,G,G,G,G,G,G,G,G,G,G,G,G,G,G,G,G,G,G,G,
0,C,C,C,C,C,C,C,C,C,C,C,C,C,C,C,C,C,C,C,C,C,C,C,C,C,C,C,C,C,C,C,C,C,C,C,C,C,C,C,C,C,C,C,C,C,C,C,C,C,C,C,C,C,C,C,C,C,C,C,C,C,C,C,C,C,C,C,C,C,C,C,C,C,C,C,
0,1,1,1,1,1,1,1,1,1,1,1,1,1,1,1,1,1,1,1,1,1,1,1,1,1,1,1,1,1,1,1,1,1,1,1,1,1,1,1,1,1,1,1,1,1,1,1,1,1,1,1,1,1,1,1,1,1,1,1,1,1,1,1,1,1,1,1,1,1,1,1,1,1,1,1,

s18a1042,vs,Choki
75,G,G,G,G,G,G,G,G,G,G,G,G,G,G,G,G,G,G,G,G,G,G,G,G,G,G,G,G,G,G,G,G,G,G,G,G,G,G,G,G,G,G,G,G,G,G,G,G,G,G,G,G,G,G,G,G,G,G,G,G,G,G,G,G,G,G,G,G,G,G,G,G,G,G,G,
0,C,C,C,C,C,C,C,C,C,C,C,C,C,C,C,C,C,C,C,C,C,C,C,C,C,C,C,C,C,C,C,C,C,C,C,C,C,C,C,C,C,C,C,C,C,C,C,C,C,C,C,C,C,C,C,C,C,C,C,C,C,C,C,C,C,C,C,C,C,C,C,C,C,C,C,
0,1,1,1,1,1,1,1,1,1,1,1,1,1,1,1,1,1,1,1,1,1,1,1,1,1,1,1,1,1,1,1,1,1,1,1,1,1,1,1,1,1,1,1,1,1,1,1,1,1,1,1,1,1,1,1,1,1,1,1,1,1,1,1,1,1,1,1,1,1,1,1,1,1,1,1,

s18a1042,vs,Choki
75,G,G,G,G,G,G,G,G,G,G,G,G,G,G,G,G,G,G,G,G,G,G,G,G,G,G,G,G,G,G,G,G,G,G,G,G,G,G,G,G,G,G,G,G,G,G,G,G,G,G,G,G,G,G,G,G,G,G,G,G,G,G,G,G,G,G,G,G,G,G,G,G,G,G,G,
0,C,C,C,C,C,C,C,C,C,C,C,C,C,C,C,C,C,C,C,C,C,C,C,C,C,C,C,C,C,C,C,C,C,C,C,C,C,C,C,C,C,C,C,C,C,C,C,C,C,C,C,C,C,C,C,C,C,C,C,C,C,C,C,C,C,C,C,C,C,C,C,C,C,C,C,
0,1,1,1,1,1,1,1,1,1,1,1,1,1,1,1,1,1,1,1,1,1,1,1,1,1,1,1,1,1,1,1,1,1,1,1,1,1,1,1,1,1,1,1,1,1,1,1,1,1,1,1,1,1,1,1,1,1,1,1,1,1,1,1,1,1,1,1,1,1,1,1,1,1,1,1,

s18a1042,vs,Choki
75,G,G,G,G,G,G,G,G,G,G,G,G,G,G,G,G,G,G,G,G,G,G,G,G,G,G,G,G,G,G,G,G,G,G,G,G,G,G,G,G,G,G,G,G,G,G,G,G,G,G,G,G,G,G,G,G,G,G,G,G,G,G,G,G,G,G,G,G,G,G,G,G,G,G,G,
0,C,C,C,C,C,C,C,C,C,C,C,C,C,C,C,C,C,C,C,C,C,C,C,C,C,C,C,C,C,C,C,C,C,C,C,C,C,C,C,C,C,C,C,C,C,C,C,C,C,C,C,C,C,C,C,C,C,C,C,C,C,C,C,C,C,C,C,C,C,C,C,C,C,C,C,
0,1,1,1,1,1,1,1,1,1,1,1,1,1,1,1,1,1,1,1,1,1,1,1,1,1,1,1,1,1,1,1,1,1,1,1,1,1,1,1,1,1,1,1,1,1,1,1,1,1,1,1,1,1,1,1,1,1,1,1,1,1,1,1,1,1,1,1,1,1,1,1,1,1,1,1,

s18a1042,vs,Pa
74,P,C,C,C,C,C,C,C,C,C,C,C,C,C,C,C,C,C,C,C,C,C,C,C,C,C,C,C,C,C,C,C,C,C,C,C,C,C,C,C,C,C,C,C,C,C,C,C,C,C,C,C,C,C,C,C,C,C,C,C,C,C,C,C,C,C,C,C,C,C,C,C,C,C,C,
0,P,P,P,P,P,P,P,P,P,P,P,P,P,P,P,P,P,P,P,P,P,P,P,P,P,P,P,P,P,P,P,P,P,P,P,P,P,P,P,P,P,P,P,P,P,P,P,P,P,P,P,P,P,P,P,P,P,P,P,P,P,P,P,P,P,P,P,P,P,P,P,P,P,P,P,
1,0,1,1,1,1,1,1,1,1,1,1,1,1,1,1,1,1,1,1,1,1,1,1,1,1,1,1,1,1,1,1,1,1,1,1,1,1,1,1,1,1,1,1,1,1,1,1,1,1,1,1,1,1,1,1,1,1,1,1,1,1,1,1,1,1,1,1,1,1,1,1,1,1,1,1,

s18a1042,vs,Pa
75,C,C,C,C,C,C,C,C,C,C,C,C,C,C,C,C,C,C,C,C,C,C,C,C,C,C,C,C,C,C,C,C,C,C,C,C,C,C,C,C,C,C,C,C,C,C,C,C,C,C,C,C,C,C,C,C,C,C,C,C,C,C,C,C,C,C,C,C,C,C,C,C,C,C,C,
0,P,P,P,P,P,P,P,P,P,P,P,P,P,P,P,P,P,P,P,P,P,P,P,P,P,P,P,P,P,P,P,P,P,P,P,P,P,P,P,P,P,P,P,P,P,P,P,P,P,P,P,P,P,P,P,P,P,P,P,P,P,P,P,P,P,P,P,P,P,P,P,P,P,P,P,
0,1,1,1,1,1,1,1,1,1,1,1,1,1,1,1,1,1,1,1,1,1,1,1,1,1,1,1,1,1,1,1,1,1,1,1,1,1,1,1,1,1,1,1,1,1,1,1,1,1,1,1,1,1,1,1,1,1,1,1,1,1,1,1,1,1,1,1,1,1,1,1,1,1,1,1,

s18a1042,vs,Pa
75,C,C,C,C,C,C,C,C,C,C,C,C,C,C,C,C,C,C,C,C,C,C,C,C,C,C,C,C,C,C,C,C,C,C,C,C,C,C,C,C,C,C,C,C,C,C,C,C,C,C,C,C,C,C,C,C,C,C,C,C,C,C,C,C,C,C,C,C,C,C,C,C,C,C,C,
0,P,P,P,P,P,P,P,P,P,P,P,P,P,P,P,P,P,P,P,P,P,P,P,P,P,P,P,P,P,P,P,P,P,P,P,P,P,P,P,P,P,P,P,P,P,P,P,P,P,P,P,P,P,P,P,P,P,P,P,P,P,P,P,P,P,P,P,P,P,P,P,P,P,P,P,
0,1,1,1,1,1,1,1,1,1,1,1,1,1,1,1,1,1,1,1,1,1,1,1,1,1,1,1,1,1,1,1,1,1,1,1,1,1,1,1,1,1,1,1,1,1,1,1,1,1,1,1,1,1,1,1,1,1,1,1,1,1,1,1,1,1,1,1,1,1,1,1,1,1,1,1,

s18a1042,vs,Pa
75,C,C,C,C,C,C,C,C,C,C,C,C,C,C,C,C,C,C,C,C,C,C,C,C,C,C,C,C,C,C,C,C,C,C,C,C,C,C,C,C,C,C,C,C,C,C,C,C,C,C,C,C,C,C,C,C,C,C,C,C,C,C,C,C,C,C,C,C,C,C,C,C,C,C,C,
0,P,P,P,P,P,P,P,P,P,P,P,P,P,P,P,P,P,P,P,P,P,P,P,P,P,P,P,P,P,P,P,P,P,P,P,P,P,P,P,P,P,P,P,P,P,P,P,P,P,P,P,P,P,P,P,P,P,P,P,P,P,P,P,P,P,P,P,P,P,P,P,P,P,P,P,
0,1,1,1,1,1,1,1,1,1,1,1,1,1,1,1,1,1,1,1,1,1,1,1,1,1,1,1,1,1,1,1,1,1,1,1,1,1,1,1,1,1,1,1,1,1,1,1,1,1,1,1,1,1,1,1,1,1,1,1,1,1,1,1,1,1,1,1,1,1,1,1,1,1,1,1,

s18a1042,vs,Pa
75,C,C,C,C,C,C,C,C,C,C,C,C,C,C,C,C,C,C,C,C,C,C,C,C,C,C,C,C,C,C,C,C,C,C,C,C,C,C,C,C,C,C,C,C,C,C,C,C,C,C,C,C,C,C,C,C,C,C,C,C,C,C,C,C,C,C,C,C,C,C,C,C,C,C,C,
0,P,P,P,P,P,P,P,P,P,P,P,P,P,P,P,P,P,P,P,P,P,P,P,P,P,P,P,P,P,P,P,P,P,P,P,P,P,P,P,P,P,P,P,P,P,P,P,P,P,P,P,P,P,P,P,P,P,P,P,P,P,P,P,P,P,P,P,P,P,P,P,P,P,P,P,
0,1,1,1,1,1,1,1,1,1,1,1,1,1,1,1,1,1,1,1,1,1,1,1,1,1,1,1,1,1,1,1,1,1,1,1,1,1,1,1,1,1,1,1,1,1,1,1,1,1,1,1,1,1,1,1,1,1,1,1,1,1,1,1,1,1,1,1,1,1,1,1,1,1,1,1,

s18a1042,vs,s09a1007
5,G,G,C,P,G,C,P,C,C,C,C,C,C,C,C,C,C,C,C,C,C,C,C,C,C,C,C,C,C,C,C,C,C,C,C,C,C,C,C,C,C,C,C,C,C,C,C,C,C,C,C,C,C,C,C,C,C,C,C,C,C,C,C,C,C,C,C,C,C,C,C,C,C,C,C,
69,C,P,P,G,C,P,C,C,G,G,G,G,G,G,G,G,G,G,G,G,G,G,G,G,G,G,G,G,G,G,G,G,G,G,G,G,G,G,G,G,G,G,G,G,G,G,G,G,G,G,G,G,G,G,G,G,G,G,G,G,G,G,G,G,G,G,G,G,G,G,G,G,G,G,G,
1,1,2,1,1,1,1,2,0,2,2,2,2,2,2,2,2,2,2,2,2,2,2,2,2,2,2,2,2,2,2,2,2,2,2,2,2,2,2,2,2,2,2,2,2,2,2,2,2,2,2,2,2,2,2,2,2,2,2,2,2,2,2,2,2,2,2,2,2,2,2,2,2,2,2,2,

s18a1042,vs,s09a1007
1,P,G,C,C,C,C,C,C,C,C,C,C,C,C,C,C,C,C,C,C,C,C,C,C,C,C,C,C,C,C,C,C,C,C,C,C,C,C,C,C,C,C,C,C,C,C,C,C,C,C,C,C,C,C,C,C,C,C,C,C,C,C,C,C,C,C,C,C,C,C,C,C,C,C,C,
73,P,C,G,G,G,G,G,G,G,G,G,G,G,G,G,G,G,G,G,G,G,G,G,G,G,G,G,G,G,G,G,G,G,G,G,G,G,G,G,G,G,G,G,G,G,G,G,G,G,G,G,G,G,G,G,G,G,G,G,G,G,G,G,G,G,G,G,G,G,G,G,G,G,G,G,
1,0,1,2,2,2,2,2,2,2,2,2,2,2,2,2,2,2,2,2,2,2,2,2,2,2,2,2,2,2,2,2,2,2,2,2,2,2,2,2,2,2,2,2,2,2,2,2,2,2,2,2,2,2,2,2,2,2,2,2,2,2,2,2,2,2,2,2,2,2,2,2,2,2,2,2,

s18a1042,vs,s09a1007
0,P,G,P,G,C,C,C,C,C,C,C,C,C,C,C,C,C,C,C,C,C,C,C,C,C,C,C,C,C,C,C,C,C,C,C,C,C,C,C,C,C,C,C,C,C,C,C,C,C,C,C,C,C,C,C,C,C,C,C,C,C,C,C,C,C,C,C,C,C,C,C,C,C,C,C,
73,C,G,P,P,G,G,G,G,G,G,G,G,G,G,G,G,G,G,G,G,G,G,G,G,G,G,G,G,G,G,G,G,G,G,G,G,G,G,G,G,G,G,G,G,G,G,G,G,G,G,G,G,G,G,G,G,G,G,G,G,G,G,G,G,G,G,G,G,G,G,G,G,G,G,G,
2,2,0,0,2,2,2,2,2,2,2,2,2,2,2,2,2,2,2,2,2,2,2,2,2,2,2,2,2,2,2,2,2,2,2,2,2,2,2,2,2,2,2,2,2,2,2,2,2,2,2,2,2,2,2,2,2,2,2,2,2,2,2,2,2,2,2,2,2,2,2,2,2,2,2,2,

s18a1042,vs,s09a1007
5,P,G,G,P,C,G,P,C,C,C,C,C,C,C,C,C,C,C,C,C,C,C,C,C,C,C,C,C,C,C,C,C,C,C,C,C,C,C,C,C,C,C,C,C,C,C,C,C,C,C,C,C,C,C,C,C,C,C,C,C,C,C,C,C,C,C,C,C,C,C,C,C,C,C,C,
69,C,P,G,C,P,C,G,P,P,G,G,G,G,G,G,G,G,G,G,G,G,G,G,G,G,G,G,G,G,G,G,G,G,G,G,G,G,G,G,G,G,G,G,G,G,G,G,G,G,G,G,G,G,G,G,G,G,G,G,G,G,G,G,G,G,G,G,G,G,G,G,G,G,G,G,
1,2,2,0,2,1,1,1,1,1,2,2,2,2,2,2,2,2,2,2,2,2,2,2,2,2,2,2,2,2,2,2,2,2,2,2,2,2,2,2,2,2,2,2,2,2,2,2,2,2,2,2,2,2,2,2,2,2,2,2,2,2,2,2,2,2,2,2,2,2,2,2,2,2,2,2,

s18a1042,vs,s09a1007
0,P,G,P,C,C,C,C,C,C,C,C,C,C,C,C,C,C,C,C,C,C,C,C,C,C,C,C,C,C,C,C,C,C,C,C,C,C,C,C,C,C,C,C,C,C,C,C,C,C,C,C,C,C,C,C,C,C,C,C,C,C,C,C,C,C,C,C,C,C,C,C,C,C,C,C,
74,C,G,C,G,G,G,G,G,G,G,G,G,G,G,G,G,G,G,G,G,G,G,G,G,G,G,G,G,G,G,G,G,G,G,G,G,G,G,G,G,G,G,G,G,G,G,G,G,G,G,G,G,G,G,G,G,G,G,G,G,G,G,G,G,G,G,G,G,G,G,G,G,G,G,G,
1,2,0,2,2,2,2,2,2,2,2,2,2,2,2,2,2,2,2,2,2,2,2,2,2,2,2,2,2,2,2,2,2,2,2,2,2,2,2,2,2,2,2,2,2,2,2,2,2,2,2,2,2,2,2,2,2,2,2,2,2,2,2,2,2,2,2,2,2,2,2,2,2,2,2,2,

s18a1042,vs,s12a2036
1,P,G,G,C,C,C,C,C,C,C,C,C,C,C,C,C,C,C,C,C,C,C,C,C,C,C,C,C,C,C,C,C,C,C,C,C,C,C,C,C,C,C,C,C,C,C,C,C,C,C,C,C,C,C,C,C,C,C,C,C,C,C,C,C,C,C,C,C,C,C,C,C,C,C,C,
73,C,C,P,G,C,G,G,G,G,G,G,G,G,G,G,G,G,G,G,G,G,G,G,G,G,G,G,G,G,G,G,G,G,G,G,G,G,G,G,G,G,G,G,G,G,G,G,G,G,G,G,G,G,G,G,G,G,G,G,G,G,G,G,G,G,G,G,G,G,G,G,G,G,G,G,
1,2,1,2,2,0,2,2,2,2,2,2,2,2,2,2,2,2,2,2,2,2,2,2,2,2,2,2,2,2,2,2,2,2,2,2,2,2,2,2,2,2,2,2,2,2,2,2,2,2,2,2,2,2,2,2,2,2,2,2,2,2,2,2,2,2,2,2,2,2,2,2,2,2,2,2,

s18a1042,vs,s12a2036
1,P,G,C,C,C,C,C,C,C,C,C,C,C,C,C,C,C,C,C,C,C,C,C,C,C,C,C,C,C,C,C,C,C,C,C,C,C,C,C,C,C,C,C,C,C,C,C,C,C,C,C,C,C,C,C,C,C,C,C,C,C,C,C,C,C,C,C,C,C,C,C,C,C,C,C,
72,P,C,C,G,G,G,G,G,G,G,G,G,G,G,G,G,G,G,G,G,G,G,G,G,G,G,G,G,G,G,G,G,G,G,G,G,G,G,G,G,G,G,G,G,G,G,G,G,G,G,G,G,G,G,G,G,G,G,G,G,G,G,G,G,G,G,G,G,G,G,G,G,G,G,G,
2,0,1,0,2,2,2,2,2,2,2,2,2,2,2,2,2,2,2,2,2,2,2,2,2,2,2,2,2,2,2,2,2,2,2,2,2,2,2,2,2,2,2,2,2,2,2,2,2,2,2,2,2,2,2,2,2,2,2,2,2,2,2,2,2,2,2,2,2,2,2,2,2,2,2,2,

s18a1042,vs,s12a2036
1,P,G,C,C,C,C,C,C,C,C,C,C,C,C,C,C,C,C,C,C,C,C,C,C,C,C,C,C,C,C,C,C,C,C,C,C,C,C,C,C,C,C,C,C,C,C,C,C,C,C,C,C,C,C,C,C,C,C,C,C,C,C,C,C,C,C,C,C,C,C,C,C,C,C,C,
72,P,C,C,G,G,G,G,G,G,G,G,G,G,G,G,G,G,G,G,G,G,G,G,G,G,G,G,G,G,G,G,G,G,G,G,G,G,G,G,G,G,G,G,G,G,G,G,G,G,G,G,G,G,G,G,G,G,G,G,G,G,G,G,G,G,G,G,G,G,G,G,G,G,G,G,
2,0,1,0,2,2,2,2,2,2,2,2,2,2,2,2,2,2,2,2,2,2,2,2,2,2,2,2,2,2,2,2,2,2,2,2,2,2,2,2,2,2,2,2,2,2,2,2,2,2,2,2,2,2,2,2,2,2,2,2,2,2,2,2,2,2,2,2,2,2,2,2,2,2,2,2,

s18a1042,vs,s12a2036
2,P,G,C,C,C,C,C,C,C,C,C,C,C,C,C,C,C,C,C,C,C,C,C,C,C,C,C,C,C,C,C,C,C,C,C,C,C,C,C,C,C,C,C,C,C,C,C,C,C,C,C,C,C,C,C,C,C,C,C,C,C,C,C,C,C,C,C,C,C,C,C,C,C,C,C,
72,G,C,C,G,G,G,G,G,G,G,G,G,G,G,G,G,G,G,G,G,G,G,G,G,G,G,G,G,G,G,G,G,G,G,G,G,G,G,G,G,G,G,G,G,G,G,G,G,G,G,G,G,G,G,G,G,G,G,G,G,G,G,G,G,G,G,G,G,G,G,G,G,G,G,G,
1,1,1,0,2,2,2,2,2,2,2,2,2,2,2,2,2,2,2,2,2,2,2,2,2,2,2,2,2,2,2,2,2,2,2,2,2,2,2,2,2,2,2,2,2,2,2,2,2,2,2,2,2,2,2,2,2,2,2,2,2,2,2,2,2,2,2,2,2,2,2,2,2,2,2,2,

s18a1042,vs,s12a2036
1,P,G,C,C,C,C,C,C,C,C,C,C,C,C,C,C,C,C,C,C,C,C,C,C,C,C,C,C,C,C,C,C,C,C,C,C,C,C,C,C,C,C,C,C,C,C,C,C,C,C,C,C,C,C,C,C,C,C,C,C,C,C,C,C,C,C,C,C,C,C,C,C,C,C,C,
72,P,C,C,G,G,G,G,G,G,G,G,G,G,G,G,G,G,G,G,G,G,G,G,G,G,G,G,G,G,G,G,G,G,G,G,G,G,G,G,G,G,G,G,G,G,G,G,G,G,G,G,G,G,G,G,G,G,G,G,G,G,G,G,G,G,G,G,G,G,G,G,G,G,G,G,
2,0,1,0,2,2,2,2,2,2,2,2,2,2,2,2,2,2,2,2,2,2,2,2,2,2,2,2,2,2,2,2,2,2,2,2,2,2,2,2,2,2,2,2,2,2,2,2,2,2,2,2,2,2,2,2,2,2,2,2,2,2,2,2,2,2,2,2,2,2,2,2,2,2,2,2,

s18a1042,vs,s12a2070
23,C,G,C,C,C,G,P,C,P,P,C,G,C,G,P,P,C,P,C,P,P,C,C,G,C,G,P,C,P,C,P,C,C,G,G,C,C,P,C,G,G,C,C,G,C,G,C,G,C,C,C,G,C,P,P,C,C,G,P,C,P,P,C,C,P,C,C,P,P,P,P,C,P,C,G,
22,C,G,G,G,C,C,C,P,G,P,C,G,C,C,G,P,G,P,G,C,P,P,C,G,C,C,C,P,P,C,C,G,C,C,C,P,C,P,C,C,P,G,C,P,C,G,C,P,G,G,C,P,P,G,P,G,C,C,P,P,G,P,G,P,C,G,P,G,G,G,C,P,P,C,P,
30,0,0,2,2,0,1,2,1,1,0,0,0,0,1,1,0,2,0,2,2,0,1,0,0,0,1,2,1,0,0,2,2,0,1,1,1,0,0,0,1,2,2,0,2,0,0,0,2,2,2,0,2,1,1,0,2,0,1,0,1,1,0,2,1,2,2,1,1,1,1,2,1,0,0,2,

s18a1042,vs,s12a2070
24,P,G,C,C,C,P,P,C,G,P,C,C,P,C,C,C,P,C,C,P,C,G,P,C,P,C,C,P,C,C,P,C,P,P,P,P,C,P,C,C,P,C,P,C,C,P,C,C,P,C,C,G,C,P,C,P,C,C,C,C,C,C,C,C,C,C,C,C,C,C,C,C,C,C,C,
39,P,P,G,G,P,G,C,C,C,P,G,P,P,G,G,P,C,G,P,P,C,C,C,P,C,G,P,C,G,P,P,P,G,G,G,C,P,C,G,P,C,P,C,G,P,C,G,P,P,G,C,G,P,P,P,G,G,P,C,P,G,G,G,G,G,G,G,G,G,G,G,G,G,G,G,
12,0,2,2,2,1,1,2,0,1,0,2,1,0,2,2,1,2,2,1,0,0,1,2,1,2,2,1,2,2,1,0,1,1,1,1,2,1,2,2,1,2,1,2,2,1,2,2,1,0,2,0,0,1,0,1,1,2,1,0,1,2,2,2,2,2,2,2,2,2,2,2,2,2,2,2,

s18a1042,vs,s12a2070
14,P,G,C,G,P,C,P,P,P,G,C,C,C,C,C,C,P,C,G,P,C,P,C,G,C,C,C,C,C,C,C,C,C,C,C,C,C,C,C,C,C,C,C,C,C,C,C,C,C,C,C,C,C,C,C,C,C,C,C,C,C,C,C,C,C,C,C,C,C,C,C,C,C,C,C,
53,G,C,C,C,P,P,G,G,G,C,G,C,P,P,G,G,G,C,C,P,P,P,G,P,P,C,G,C,G,G,G,G,G,G,G,G,G,G,G,G,G,G,G,G,G,G,G,G,G,G,G,G,G,G,G,G,G,G,G,G,G,G,G,G,G,G,G,G,G,G,G,G,G,G,G,
8,1,1,0,1,0,1,1,1,1,1,2,0,1,1,2,2,1,0,1,0,1,0,2,2,1,0,2,0,2,2,2,2,2,2,2,2,2,2,2,2,2,2,2,2,2,2,2,2,2,2,2,2,2,2,2,2,2,2,2,2,2,2,2,2,2,2,2,2,2,2,2,2,2,2,2,

s18a1042,vs,s12a2070
27,P,G,C,G,P,C,G,P,C,P,C,C,P,C,P,C,C,P,C,P,C,C,P,C,G,C,G,C,C,C,G,C,G,P,C,P,P,C,C,C,C,G,P,P,C,C,C,P,P,P,C,P,P,C,G,P,C,C,C,G,P,C,P,C,G,G,C,C,C,G,C,C,C,C,P,
26,C,C,C,C,P,C,C,C,P,C,G,P,C,P,C,G,P,C,P,C,G,P,C,C,G,C,P,G,G,C,G,C,C,P,P,G,C,G,G,G,C,C,G,P,G,G,P,G,G,P,P,G,C,C,C,P,G,P,C,C,C,P,P,C,C,G,C,G,C,G,P,P,P,G,C,
22,2,1,0,1,0,0,1,2,1,2,2,1,2,1,2,2,1,2,1,2,2,1,2,0,0,0,2,2,2,0,0,0,1,0,1,1,2,2,2,2,0,1,1,0,2,2,1,1,1,0,1,1,2,0,1,0,2,1,0,1,2,1,0,0,1,0,0,2,0,0,1,1,1,2,2,

s18a1042,vs,s12a2070
29,P,G,C,C,C,C,C,C,P,G,C,G,C,C,C,C,P,C,C,C,C,C,P,P,G,C,C,C,C,C,C,P,G,C,C,G,G,G,C,C,G,C,C,C,C,G,C,C,C,P,C,C,G,C,C,G,C,C,C,C,C,G,C,G,C,C,C,C,P,C,C,C,P,C,C,
22,P,C,C,C,G,P,G,G,G,C,G,C,G,P,P,P,G,P,C,C,G,P,G,C,G,G,C,C,C,G,P,G,G,G,C,C,G,G,C,G,C,G,P,C,G,G,P,C,P,C,G,P,G,G,G,G,C,C,P,C,G,G,P,C,P,G,P,G,G,P,P,G,C,P,C,
24,0,1,0,0,2,1,2,2,1,1,2,1,2,1,1,1,1,1,0,0,2,1,1,2,0,2,0,0,0,2,1,1,0,2,0,1,0,0,0,2,1,2,1,0,2,0,1,0,1,2,2,1,0,2,2,0,0,0,1,0,2,0,1,1,1,2,1,2,1,1,1,2,2,1,0,

s18a1042,vs,s12a1057
7,P,C,C,P,C,C,C,P,C,P,P,P,P,C,P,P,C,P,C,P,C,P,C,P,C,P,P,P,P,P,P,P,P,P,P,P,P,P,P,P,P,P,P,P,P,P,P,P,P,P,P,P,P,P,P,P,P,P,P,P,P,P,P,P,P,P,P,P,P,P,P,P,P,P,P,
61,P,G,C,P,G,G,C,C,G,G,G,G,C,P,G,C,C,C,C,C,C,C,G,C,G,C,G,C,C,G,C,C,C,C,C,C,C,C,C,C,C,C,C,C,C,C,C,C,C,C,C,C,C,C,C,C,C,C,C,C,C,C,C,C,C,C,C,C,C,C,C,C,C,C,C,
7,0,2,0,0,2,2,0,2,2,1,1,1,2,1,1,2,0,2,0,2,0,2,2,2,2,2,1,2,2,1,2,2,2,2,2,2,2,2,2,2,2,2,2,2,2,2,2,2,2,2,2,2,2,2,2,2,2,2,2,2,2,2,2,2,2,2,2,2,2,2,2,2,2,2,2,

s18a1042,vs,s12a1057
1,G,C,P,P,P,P,P,P,P,P,P,P,P,P,P,P,P,P,P,P,P,P,P,P,P,P,P,P,P,P,P,P,P,P,P,P,P,P,P,P,P,P,P,P,P,P,P,P,P,P,P,P,P,P,P,P,P,P,P,P,P,P,P,P,P,P,P,P,P,P,P,P,P,P,P,
73,C,C,C,C,C,C,C,C,C,C,C,C,C,C,C,C,C,C,C,C,C,C,C,C,C,C,C,C,C,C,C,C,C,C,C,C,C,C,C,C,C,C,C,C,C,C,C,C,C,C,C,C,C,C,C,C,C,C,C,C,C,C,C,C,C,C,C,C,C,C,C,C,C,C,C,
1,1,0,2,2,2,2,2,2,2,2,2,2,2,2,2,2,2,2,2,2,2,2,2,2,2,2,2,2,2,2,2,2,2,2,2,2,2,2,2,2,2,2,2,2,2,2,2,2,2,2,2,2,2,2,2,2,2,2,2,2,2,2,2,2,2,2,2,2,2,2,2,2,2,2,2,

s18a1042,vs,s12a1057
0,G,C,C,C,C,C,C,C,C,C,C,C,C,C,C,C,C,C,C,C,C,C,C,C,C,C,C,C,C,C,C,C,C,C,C,C,C,C,C,C,C,C,C,C,C,C,C,C,C,C,C,C,C,C,C,C,C,C,C,C,C,C,C,C,C,C,C,C,C,C,C,C,C,C,C,
75,P,G,G,G,G,G,G,G,G,G,G,G,G,G,G,G,G,G,G,G,G,G,G,G,G,G,G,G,G,G,G,G,G,G,G,G,G,G,G,G,G,G,G,G,G,G,G,G,G,G,G,G,G,G,G,G,G,G,G,G,G,G,G,G,G,G,G,G,G,G,G,G,G,G,G,
0,2,2,2,2,2,2,2,2,2,2,2,2,2,2,2,2,2,2,2,2,2,2,2,2,2,2,2,2,2,2,2,2,2,2,2,2,2,2,2,2,2,2,2,2,2,2,2,2,2,2,2,2,2,2,2,2,2,2,2,2,2,2,2,2,2,2,2,2,2,2,2,2,2,2,2,

s18a1042,vs,s12a1057
2,P,G,P,C,C,C,C,P,C,P,C,P,C,C,P,C,C,C,C,C,C,C,C,C,C,C,C,C,C,C,C,C,C,C,C,C,C,C,C,C,C,C,C,C,C,C,C,C,C,C,C,C,C,C,C,C,C,C,C,C,C,C,C,C,C,C,C,C,C,C,C,C,C,C,C,
67,P,G,G,G,G,G,C,C,C,C,C,C,G,C,G,G,G,G,G,G,G,G,G,G,G,G,G,G,G,G,G,G,G,G,G,G,G,G,G,G,G,G,G,G,G,G,G,G,G,G,G,G,G,G,G,G,G,G,G,G,G,G,G,G,G,G,G,G,G,G,G,G,G,G,G,
6,0,0,1,2,2,2,0,2,0,2,0,2,2,0,1,2,2,2,2,2,2,2,2,2,2,2,2,2,2,2,2,2,2,2,2,2,2,2,2,2,2,2,2,2,2,2,2,2,2,2,2,2,2,2,2,2,2,2,2,2,2,2,2,2,2,2,2,2,2,2,2,2,2,2,2,

s18a1042,vs,s12a1057
1,P,G,C,P,C,P,C,C,P,C,C,C,C,P,C,P,C,P,C,C,P,C,C,C,C,C,P,C,P,C,C,P,C,C,C,C,C,P,C,P,C,C,P,C,C,C,C,C,C,C,C,C,C,C,C,C,C,C,C,C,C,C,C,C,C,C,C,C,C,C,C,C,C,C,C,
61,C,C,C,C,C,C,G,C,C,G,G,G,C,C,C,C,C,C,G,C,C,G,G,G,G,C,C,C,C,G,C,C,G,G,G,G,C,C,C,C,G,C,C,G,G,G,G,G,G,G,G,G,G,G,G,G,G,G,G,G,G,G,G,G,G,G,G,G,G,G,G,G,G,G,G,
13,2,1,0,2,0,2,2,0,2,2,2,2,0,2,0,2,0,2,2,0,2,2,2,2,2,0,2,0,2,2,0,2,2,2,2,2,0,2,0,2,2,0,2,2,2,2,2,2,2,2,2,2,2,2,2,2,2,2,2,2,2,2,2,2,2,2,2,2,2,2,2,2,2,2,2,

s18a1042,vs,s12a1069
28,P,G,G,P,P,C,P,G,P,G,P,P,P,C,G,G,G,P,P,C,P,C,P,P,C,P,P,C,C,C,P,P,G,G,P,P,C,P,P,G,G,G,G,P,G,G,G,G,G,G,G,G,G,G,P,G,G,G,P,G,G,P,G,G,G,P,C,G,G,P,G,P,G,P,C,
19,C,C,G,C,P,C,G,G,G,C,C,C,P,P,C,C,G,C,P,C,P,G,C,P,C,C,P,C,G,C,C,G,C,P,C,P,C,C,G,C,C,C,P,G,C,G,G,P,C,C,C,P,G,G,G,C,P,G,G,C,G,G,C,C,G,C,P,C,G,P,G,P,G,C,P,
28,2,1,0,2,0,0,1,0,1,1,2,2,0,1,1,1,0,2,0,0,0,2,2,0,0,2,0,0,2,0,2,1,1,2,2,0,0,2,1,1,1,1,2,1,1,0,0,2,1,1,1,2,0,0,1,1,2,0,1,1,0,1,1,1,0,2,1,1,0,0,0,0,0,2,1,

s18a1042,vs,s12a1069
33,G,C,P,C,G,P,C,G,G,G,G,G,G,G,C,G,G,C,G,P,G,C,G,C,G,C,C,G,C,G,C,C,G,C,G,C,C,C,C,C,C,C,C,C,C,G,C,C,C,C,C,G,C,G,P,C,C,C,C,C,P,C,C,C,G,C,C,C,C,P,C,C,C,G,P,
26,C,P,C,G,P,C,G,P,C,P,P,P,P,P,P,C,P,P,G,G,P,P,C,P,C,G,P,P,C,P,G,C,P,G,C,P,C,P,P,P,G,C,C,C,C,G,P,G,P,P,G,C,P,C,P,P,C,P,P,P,G,C,G,C,C,G,G,P,P,P,P,G,C,C,P,
16,1,1,2,2,2,2,2,2,1,2,2,2,2,2,1,1,2,1,0,1,2,1,1,1,1,2,1,2,0,2,2,0,2,2,1,1,0,1,1,1,2,0,0,0,0,0,1,2,1,1,2,1,1,1,0,1,0,1,1,1,1,0,2,0,1,2,2,1,1,0,1,2,0,1,0,

s18a1042,vs,s12a1069
27,C,P,G,C,C,C,C,C,P,C,C,G,C,P,C,C,C,C,G,P,C,C,G,C,G,C,G,C,C,C,G,P,P,C,C,C,G,C,P,P,C,G,C,C,G,C,C,C,G,C,C,G,C,C,C,G,C,C,G,C,C,C,P,G,C,C,G,C,G,C,G,G,P,C,P,
24,P,G,G,P,G,G,G,G,G,C,G,G,P,P,G,G,C,C,C,P,G,G,C,P,C,P,P,G,G,C,C,P,G,P,G,C,G,P,P,P,C,G,C,G,P,C,P,G,G,G,C,G,P,P,G,C,C,G,C,G,P,P,G,G,P,G,C,P,C,P,P,G,P,G,C,
24,1,1,0,1,2,2,2,2,1,0,2,0,1,0,2,2,0,0,1,0,2,2,1,1,1,1,2,2,2,0,1,0,1,1,2,0,0,1,0,0,0,0,0,2,2,0,1,2,0,2,0,0,1,1,2,1,0,2,1,2,1,1,1,0,1,2,1,1,1,1,2,0,0,2,2,

s18a1042,vs,s12a1069
26,P,G,C,P,P,C,C,G,C,G,C,C,P,P,G,C,P,P,G,C,C,G,G,C,P,C,P,C,G,C,C,C,C,C,P,G,C,C,C,C,P,G,P,C,C,G,C,C,C,P,C,P,C,C,C,C,C,P,C,C,G,G,C,C,C,G,C,C,C,G,C,C,P,G,C,
23,G,C,C,G,C,C,C,G,G,G,P,P,G,C,G,C,P,P,C,G,G,P,C,C,P,C,P,G,C,G,C,G,G,G,G,C,G,P,G,G,G,C,P,C,G,G,C,P,G,G,C,P,C,C,G,P,P,P,C,G,P,C,P,P,G,C,G,G,C,G,P,P,G,C,G,
26,1,1,0,1,2,0,0,0,2,0,1,1,1,2,0,0,0,0,1,2,2,2,1,0,0,0,0,2,1,2,0,2,2,2,1,1,2,1,2,2,1,1,0,0,2,0,0,1,2,1,0,0,0,0,2,1,1,0,0,2,2,1,1,1,2,1,2,2,0,0,1,1,1,1,2,

s18a1042,vs,s12a1069
33,C,P,G,C,C,C,P,G,C,C,G,C,G,C,P,G,C,P,C,C,C,C,C,C,P,G,C,P,C,C,C,P,G,C,C,C,C,P,G,C,C,C,P,G,P,C,C,C,P,C,C,P,C,C,P,C,C,P,C,G,C,C,C,P,G,P,C,G,P,C,C,P,C,C,C,
30,C,G,P,C,G,G,G,P,G,G,G,G,G,G,G,P,G,G,C,C,G,P,P,P,G,P,C,G,G,P,G,G,C,P,C,G,G,G,G,G,G,G,G,P,G,P,C,G,G,G,P,G,P,C,G,G,P,G,P,C,G,G,G,G,P,G,P,C,G,G,P,G,G,C,G,
12,0,1,2,0,2,2,1,2,2,2,0,2,0,2,1,2,2,1,0,0,2,1,1,1,1,2,0,1,2,1,2,1,1,1,0,2,2,1,0,2,2,2,1,2,1,1,0,2,1,2,1,1,1,0,1,2,1,1,1,1,2,2,2,1,2,1,1,1,1,2,1,1,2,0,2,

s18a1042,vs,s13a1051
22,P,C,P,P,C,C,C,C,P,C,C,C,C,P,P,C,P,P,C,G,C,C,C,C,C,C,C,C,C,C,C,C,C,C,P,C,C,C,C,G,C,C,C,P,C,P,C,C,C,C,P,C,P,C,C,C,P,G,C,C,C,C,G,C,C,C,G,C,G,C,G,C,G,C,G,
20,P,G,C,P,C,C,C,G,P,C,P,C,G,G,P,G,C,P,C,C,P,P,C,P,P,P,G,C,C,C,G,P,C,G,G,C,G,C,C,G,P,C,G,G,C,G,G,G,G,G,G,C,C,C,C,G,P,C,C,C,G,P,C,G,C,C,G,P,C,G,C,C,G,P,C,
33,0,2,2,0,0,0,0,2,0,0,1,0,2,1,0,2,2,0,0,1,1,1,0,1,1,1,2,0,0,0,2,1,0,2,1,0,2,0,0,0,1,0,2,1,0,1,2,2,2,2,1,0,2,0,0,2,0,1,0,0,2,1,1,2,0,0,0,1,1,2,1,0,0,1,1,

s18a1042,vs,s13a1051
20,P,G,C,C,P,G,C,C,C,G,C,G,